simulation,finalist_1,finalist_2,champion
0,France,Portugal,France
1,France,Spain,France
2,Spain,Argentina,Argentina
3,Spain,Argentina,Spain
4,Spain,Argentina,Argentina
5,France,Argentina,Argentina
6,Spain,France,Spain
7,Spain,Argentina,Spain
8,Spain,Croatia,Croatia
9,France,Argentina,France
10,France,Argentina,France
11,Belgium,Argentina,Argentina
12,Spain,Argentina,Spain
13,France,Argentina,France
14,Morocco,England,Morocco
15,France,Argentina,France
16,Spain,Argentina,Argentina
17,France,Argentina,France
18,France,Argentina,France
19,Spain,Argentina,Argentina
20,France,Portugal,France
21,Croatia,Morocco,Croatia
22,Belgium,England,England
23,France,Argentina,France
24,Belgium,Brazil,Belgium
25,France,Argentina,Argentina
26,France,England,France
27,Spain,Argentina,Argentina
28,France,Argentina,Argentina
29,England,Portugal,Portugal
30,France,Brazil,France
31,France,England,France
32,France,England,France
33,Mexico,Argentina,Argentina
34,France,Portugal,Portugal
35,France,Brazil,France
36,France,Portugal,France
37,France,England,England
38,Spain,Argentina,Argentina
39,France,Argentina,Argentina
40,Netherlands,Argentina,Argentina
41,Spain,Argentina,Argentina
42,Spain,Argentina,Spain
43,France,Argentina,France
44,France,England,France
45,France,Argentina,France
46,France,Argentina,France
47,Brazil,Argentina,Argentina
48,France,Brazil,France
49,Spain,Argentina,Argentina
50,Croatia,Portugal,Croatia
51,Morocco,Brazil,Brazil
52,France,Portugal,France
53,Netherlands,Argentina,Netherlands
54,France,Argentina,France
55,Spain,England,England
56,France,Argentina,France
57,France,Spain,France
58,France,England,France
59,Morocco,England,Morocco
60,Spain,Argentina,Argentina
61,Netherlands,Argentina,Argentina
62,France,Argentina,France
63,France,Argentina,France
64,France,Netherlands,France
65,France,Argentina,France
66,France,Argentina,Argentina
67,France,Argentina,Argentina
68,Brazil,England,Brazil
69,Spain,Brazil,Brazil
70,England,Mexico,England
71,Spain,England,Spain
72,France,Morocco,France
73,Argentina,Brazil,Argentina
74,Spain,Argentina,Argentina
75,Croatia,England,Croatia
76,France,Portugal,France
77,Spain,France,Spain
78,Spain,Argentina,Argentina
79,France,England,England
80,France,Argentina,France
81,France,Argentina,Argentina
82,Spain,Mexico,Mexico
83,France,Argentina,Argentina
84,Croatia,Argentina,Croatia
85,France,Argentina,France
86,France,Argentina,France
87,Spain,England,England
88,Belgium,Portugal,Belgium
89,Spain,Portugal,Portugal
90,France,Portugal,France
91,Germany,Argentina,Argentina
92,France,Brazil,France
93,Brazil,Argentina,Argentina
94,France,Mexico,France
95,Belgium,Argentina,Argentina
96,Brazil,Argentina,Argentina
97,France,Argentina,France
98,Spain,England,Spain
99,France,Brazil,Brazil
100,Brazil,Argentina,Brazil
101,France,England,France
102,France,Argentina,Argentina
103,France,Brazil,France
104,Spain,Argentina,Argentina
105,Spain,England,England
106,France,Morocco,Morocco
107,Belgium,England,Belgium
108,France,Argentina,France
109,Spain,Argentina,Spain
110,Spain,Netherlands,Spain
111,France,Argentina,France
112,France,Argentina,France
113,Spain,England,Spain
114,United States,Argentina,Argentina
115,France,Uruguay,France
116,England,Argentina,Argentina
117,Spain,Brazil,Spain
118,France,Argentina,France
119,Spain,England,Spain
120,France,Argentina,Argentina
121,France,Argentina,France
122,Spain,Argentina,Argentina
123,France,Argentina,Argentina
124,Belgium,Argentina,Argentina
125,Argentina,Morocco,Argentina
126,Germany,Argentina,Argentina
127,France,Argentina,France
128,Belgium,Argentina,Argentina
129,Netherlands,Argentina,Netherlands
130,Netherlands,Argentina,Netherlands
131,France,Argentina,Argentina
132,England,Spain,England
133,France,Argentina,France
134,France,Brazil,France
135,Spain,Argentina,Spain
136,France,Argentina,Argentina
137,Spain,Argentina,Spain
138,Brazil,Argentina,Argentina
139,France,Argentina,Argentina
140,Spain,Brazil,Brazil
141,France,Argentina,Argentina
142,France,Argentina,Argentina
143,Spain,Argentina,Spain
144,France,Argentina,Argentina
145,France,Argentina,Argentina
146,Spain,Senegal,Spain
147,Germany,Argentina,Germany
148,France,Argentina,France
149,Spain,England,England
150,France,Argentina,Argentina
151,France,England,France
152,France,Argentina,France
153,France,Portugal,France
154,Germany,Argentina,Argentina
155,Netherlands,Argentina,Argentina
156,Croatia,Argentina,Argentina
157,France,Portugal,France
158,France,Argentina,Argentina
159,Netherlands,Argentina,Argentina
160,Spain,Argentina,Spain
161,Belgium,Portugal,Portugal
162,Belgium,Argentina,Argentina
163,France,Argentina,Argentina
164,Spain,Argentina,Argentina
165,France,Portugal,France
166,Spain,Argentina,Spain
167,Spain,Brazil,Brazil
168,France,England,England
169,Brazil,Croatia,Croatia
170,France,Argentina,Argentina
171,Morocco,Argentina,Argentina
172,France,Argentina,France
173,France,Argentina,France
174,Uruguay,Argentina,Argentina
175,Spain,France,France
176,Brazil,Japan,Brazil
177,France,Argentina,Argentina
178,Belgium,Portugal,Belgium
179,Spain,Brazil,Spain
180,France,Argentina,France
181,Brazil,Switzerland,Brazil
182,Morocco,Argentina,Argentina
183,France,Netherlands,France
184,Japan,Uruguay,Uruguay
185,France,Argentina,France
186,France,Argentina,France
187,Spain,England,England
188,France,Argentina,France
189,France,England,France
190,France,Argentina,Argentina
191,France,Argentina,France
192,Spain,England,Spain
193,France,Argentina,Argentina
194,France,Argentina,Argentina
195,France,Argentina,France
196,Spain,Brazil,Brazil
197,France,England,France
198,Spain,Argentina,Argentina
199,Netherlands,Morocco,Morocco
200,Spain,England,England
201,Spain,Argentina,Argentina
202,France,Argentina,Argentina
203,England,Brazil,England
204,Spain,Argentina,Spain
205,Spain,Argentina,Argentina
206,Spain,Belgium,Spain
207,France,Portugal,Portugal
208,France,Argentina,France
209,France,Argentina,Argentina
210,Netherlands,Argentina,Argentina
211,Germany,England,England
212,Uruguay,England,Uruguay
213,France,Brazil,France
214,France,Argentina,France
215,Germany,Argentina,Argentina
216,Brazil,Argentina,Argentina
217,France,Argentina,Argentina
218,Spain,Uruguay,Spain
219,France,England,France
220,Spain,Argentina,Argentina
221,France,Spain,France
222,France,Mexico,France
223,Spain,Brazil,Spain
224,Belgium,Argentina,Argentina
225,Spain,England,Spain
226,France,Argentina,Argentina
227,France,Brazil,Brazil
228,France,Argentina,France
229,Germany,Argentina,Argentina
230,France,Argentina,France
231,France,Argentina,Argentina
232,France,Argentina,France
233,France,Argentina,Argentina
234,Germany,Argentina,Argentina
235,Spain,Argentina,Argentina
236,Netherlands,Brazil,Brazil
237,France,Uruguay,France
238,Uruguay,England,England
239,France,Argentina,Argentina
240,France,Argentina,France
241,Spain,England,England
242,Belgium,Argentina,Argentina
243,Germany,Argentina,Germany
244,Spain,Argentina,Argentina
245,Croatia,Argentina,Argentina
246,France,Argentina,Argentina
247,France,Argentina,Argentina
248,Belgium,Argentina,Argentina
249,Germany,Argentina,Argentina
250,France,England,France
251,France,Argentina,France
252,Belgium,Portugal,Portugal
253,Belgium,Argentina,Argentina
254,France,Argentina,France
255,France,Colombia,France
256,France,Argentina,Argentina
257,France,Argentina,Argentina
258,France,Spain,France
259,France,Argentina,France
260,Spain,Argentina,Argentina
261,France,Argentina,Argentina
262,Spain,Argentina,Spain
263,France,Argentina,Argentina
264,France,Argentina,France
265,Spain,Argentina,Argentina
266,France,Morocco,France
267,France,England,France
268,France,Argentina,Argentina
269,France,Argentina,France
270,France,Argentina,France
271,Spain,Argentina,Argentina
272,France,Argentina,France
273,France,Argentina,Argentina
274,France,Argentina,France
275,France,Portugal,Portugal
276,France,Argentina,Argentina
277,Brazil,Argentina,Argentina
278,France,Argentina,France
279,France,England,France
280,Spain,Argentina,Argentina
281,Spain,Argentina,Argentina
282,Belgium,Argentina,Argentina
283,Spain,Argentina,Argentina
284,France,Argentina,France
285,France,Portugal,Portugal
286,France,Morocco,France
287,France,Argentina,France
288,France,Argentina,France
289,Morocco,England,Morocco
290,France,Brazil,France
291,Spain,Argentina,Spain
292,Spain,Argentina,Argentina
293,France,England,France
294,France,Argentina,France
295,France,Portugal,France
296,France,Portugal,France
297,France,Croatia,France
298,France,Argentina,France
299,Belgium,Morocco,Morocco
300,Spain,Argentina,Argentina
301,Netherlands,England,Netherlands
302,Spain,Portugal,Spain
303,Morocco,Brazil,Brazil
304,France,Argentina,France
305,Germany,Brazil,Brazil
306,Netherlands,Argentina,Argentina
307,France,Argentina,France
308,France,England,France
309,France,United States,France
310,France,Portugal,France
311,France,Argentina,France
312,Brazil,Argentina,Argentina
313,France,Argentina,France
314,Brazil,Argentina,Argentina
315,France,Brazil,France
316,Spain,Argentina,Argentina
317,France,Argentina,France
318,France,Brazil,France
319,England,Brazil,Brazil
320,France,Argentina,Argentina
321,France,Switzerland,France
322,France,Argentina,Argentina
323,Spain,Argentina,Argentina
324,Uruguay,Argentina,Argentina
325,France,Argentina,Argentina
326,Spain,Morocco,Spain
327,France,Argentina,France
328,France,Argentina,France
329,Germany,Argentina,Argentina
330,Spain,England,England
331,Belgium,Argentina,Argentina
332,France,Argentina,Argentina
333,France,Argentina,Argentina
334,Portugal,Argentina,Argentina
335,Belgium,England,Belgium
336,Spain,Brazil,Spain
337,France,England,France
338,Germany,Argentina,Argentina
339,Spain,Argentina,Spain
340,France,England,France
341,France,Portugal,France
342,Argentina,Brazil,Argentina
343,France,Argentina,France
344,Spain,England,Spain
345,France,Argentina,Argentina
346,England,Portugal,Portugal
347,Netherlands,Argentina,Argentina
348,Belgium,England,England
349,England,Spain,Spain
350,Spain,Argentina,Argentina
351,Spain,Argentina,Argentina
352,Belgium,Argentina,Argentina
353,Spain,Argentina,Spain
354,Spain,Portugal,Portugal
355,France,Netherlands,France
356,Spain,Argentina,Argentina
357,France,Argentina,France
358,France,Argentina,Argentina
359,France,Argentina,Argentina
360,France,Argentina,France
361,France,Argentina,France
362,Spain,England,England
363,France,Argentina,Argentina
364,Spain,Argentina,Argentina
365,France,Portugal,France
366,France,Argentina,France
367,France,Portugal,France
368,Spain,Argentina,Argentina
369,France,Brazil,Brazil
370,Germany,Argentina,Argentina
371,France,Argentina,Argentina
372,France,Argentina,France
373,France,Brazil,France
374,France,England,France
375,Netherlands,Uruguay,Netherlands
376,Brazil,Argentina,Argentina
377,Brazil,Uruguay,Brazil
378,Netherlands,Argentina,Argentina
379,Belgium,Argentina,Argentina
380,France,Argentina,Argentina
381,Belgium,Argentina,Argentina
382,France,England,France
383,Spain,England,Spain
384,Germany,Argentina,Argentina
385,Spain,Portugal,Portugal
386,France,Argentina,France
387,Spain,Argentina,Argentina
388,Germany,Argentina,Argentina
389,France,Spain,France
390,France,Argentina,Argentina
391,France,Croatia,France
392,Spain,Argentina,Spain
393,Spain,Switzerland,Spain
394,Morocco,Brazil,Brazil
395,France,Mexico,France
396,France,Argentina,Argentina
397,Brazil,England,England
398,France,Portugal,France
399,France,Argentina,France
400,France,Argentina,Argentina
401,France,Brazil,France
402,Spain,England,England
403,Croatia,Argentina,Croatia
404,France,Argentina,Argentina
405,Spain,England,England
406,France,Argentina,France
407,Belgium,Argentina,Argentina
408,France,Argentina,France
409,France,England,France
410,France,Portugal,France
411,France,Brazil,France
412,Brazil,England,England
413,Spain,Argentina,Argentina
414,France,Argentina,France
415,Spain,Argentina,Spain
416,France,Argentina,Argentina
417,France,Spain,France
418,England,Argentina,England
419,France,Argentina,Argentina
420,Spain,Argentina,Argentina
421,France,Argentina,Argentina
422,France,Brazil,France
423,France,England,France
424,Brazil,England,Brazil
425,France,Argentina,Argentina
426,France,Argentina,France
427,Spain,Argentina,Argentina
428,Spain,Argentina,Spain
429,France,England,England
430,France,Argentina,Argentina
431,Uruguay,Portugal,Portugal
432,France,England,France
433,France,Argentina,Argentina
434,France,Argentina,France
435,France,Argentina,Argentina
436,Spain,Argentina,Argentina
437,Germany,Argentina,Argentina
438,Belgium,Argentina,Argentina
439,France,Argentina,France
440,Spain,Argentina,Argentina
441,France,England,France
442,France,England,England
443,France,Argentina,Argentina
444,France,England,France
445,Spain,Argentina,Argentina
446,France,Argentina,France
447,Spain,Brazil,Spain
448,France,Argentina,Argentina
449,France,Morocco,France
450,France,Argentina,Argentina
451,Croatia,Brazil,Croatia
452,France,Argentina,France
453,France,Brazil,France
454,France,Argentina,France
455,Brazil,Argentina,Brazil
456,France,Argentina,France
457,France,Argentina,France
458,France,Argentina,Argentina
459,Spain,Argentina,Spain
460,France,Portugal,France
461,France,Morocco,France
462,France,Argentina,Argentina
463,France,England,France
464,France,Croatia,France
465,France,Morocco,France
466,Spain,Argentina,Argentina
467,France,England,France
468,Spain,Brazil,Spain
469,Spain,Argentina,Spain
470,Morocco,Brazil,Morocco
471,Spain,England,England
472,France,Uruguay,France
473,France,Portugal,France
474,Spain,Argentina,Spain
475,France,Brazil,Brazil
476,England,Portugal,England
477,France,Argentina,France
478,France,Argentina,France
479,Germany,Argentina,Argentina
480,France,Argentina,France
481,France,England,France
482,Spain,Argentina,Argentina
483,France,Brazil,Brazil
484,France,Argentina,Argentina
485,Portugal,Brazil,Brazil
486,France,England,France
487,Croatia,Argentina,Argentina
488,Brazil,Argentina,Argentina
489,France,Argentina,France
490,France,Belgium,France
491,France,Argentina,Argentina
492,France,England,France
493,France,Brazil,France
494,England,Argentina,Argentina
495,Argentina,Brazil,Argentina
496,France,Argentina,France
497,France,Morocco,France
498,Spain,Argentina,Argentina
499,Germany,Brazil,Brazil
500,France,Argentina,Argentina
501,France,Argentina,France
502,Belgium,Argentina,Belgium
503,Spain,Argentina,Argentina
504,France,Argentina,Argentina
505,Spain,England,England
506,France,Argentina,Argentina
507,France,Croatia,France
508,Spain,Portugal,Portugal
509,Germany,Brazil,Brazil
510,Germany,Argentina,Argentina
511,France,England,England
512,France,Argentina,France
513,Belgium,England,England
514,France,Argentina,Argentina
515,France,Netherlands,France
516,Spain,Argentina,Argentina
517,Spain,Argentina,Argentina
518,Spain,Portugal,Portugal
519,Belgium,Argentina,Argentina
520,England,Brazil,England
521,France,Argentina,Argentina
522,France,England,France
523,France,Argentina,Argentina
524,Brazil,Argentina,Argentina
525,Croatia,England,Croatia
526,France,England,England
527,France,England,England
528,France,Brazil,Brazil
529,Spain,England,Spain
530,France,Belgium,France
531,France,Argentina,France
532,Germany,Argentina,Argentina
533,Belgium,Argentina,Argentina
534,Morocco,England,Morocco
535,France,Argentina,France
536,Morocco,Brazil,Brazil
537,France,Brazil,France
538,France,Argentina,France
539,France,England,France
540,Spain,Argentina,Argentina
541,France,Germany,France
542,Morocco,Argentina,Morocco
543,France,Argentina,Argentina
544,Spain,Argentina,Argentina
545,France,Brazil,France
546,France,Argentina,France
547,Spain,Brazil,Spain
548,France,Argentina,France
549,Belgium,Argentina,Argentina
550,France,Argentina,Argentina
551,Germany,Argentina,Argentina
552,Belgium,Argentina,Argentina
553,Belgium,France,France
554,United States,Argentina,Argentina
555,France,England,France
556,France,Switzerland,France
557,France,Argentina,France
558,France,Argentina,France
559,Spain,Argentina,Argentina
560,Netherlands,Argentina,Argentina
561,France,Netherlands,France
562,Spain,Argentina,Argentina
563,France,Argentina,Argentina
564,Argentina,Portugal,Argentina
565,France,Argentina,France
566,France,Argentina,Argentina
567,France,Argentina,Argentina
568,Spain,Argentina,Spain
569,France,Argentina,Argentina
570,Spain,Argentina,Spain
571,France,Brazil,France
572,Brazil,Spain,Spain
573,Croatia,Argentina,Argentina
574,France,Argentina,Argentina
575,Belgium,Argentina,Argentina
576,Spain,Portugal,Spain
577,Uruguay,England,England
578,Netherlands,Uruguay,Netherlands
579,France,England,France
580,France,Portugal,France
581,France,England,France
582,France,Argentina,Argentina
583,Netherlands,Argentina,Argentina
584,Morocco,Brazil,Brazil
585,France,Argentina,Argentina
586,Spain,Argentina,Spain
587,Spain,Argentina,Argentina
588,Spain,Uruguay,Spain
589,Spain,Argentina,Argentina
590,France,Brazil,France
591,Spain,Argentina,Spain
592,Spain,Argentina,Argentina
593,France,Argentina,France
594,Belgium,Argentina,Argentina
595,Belgium,Argentina,Argentina
596,France,Argentina,Argentina
597,France,Argentina,France
598,England,Argentina,Argentina
599,England,Canada,England
600,England,Argentina,England
601,France,Argentina,Argentina
602,Spain,Argentina,Spain
603,France,Argentina,France
604,Spain,England,England
605,Belgium,England,England
606,France,Argentina,France
607,Belgium,England,Belgium
608,France,Argentina,France
609,Spain,Argentina,Spain
610,Portugal,Argentina,Portugal
611,France,England,France
612,Croatia,Belgium,Croatia
613,France,Argentina,Argentina
614,France,Argentina,France
615,England,Croatia,England
616,Spain,Argentina,Spain
617,Morocco,Argentina,Argentina
618,Spain,Argentina,Argentina
619,France,Morocco,France
620,Spain,Brazil,Brazil
621,Germany,Argentina,Argentina
622,France,Brazil,France
623,France,Portugal,France
624,France,Croatia,France
625,Brazil,Argentina,Argentina
626,Germany,Portugal,Portugal
627,France,England,France
628,France,Argentina,France
629,Spain,Portugal,Spain
630,France,Portugal,France
631,France,England,France
632,Netherlands,England,Netherlands
633,Spain,England,Spain
634,Spain,Croatia,Spain
635,Spain,Brazil,Brazil
636,France,Argentina,Argentina
637,Spain,Argentina,Argentina
638,France,Argentina,France
639,Spain,Argentina,Argentina
640,Spain,Argentina,Spain
641,France,Argentina,France
642,France,Argentina,Argentina
643,France,England,France
644,Belgium,Spain,Belgium
645,England,Argentina,Argentina
646,France,England,France
647,Argentina,Brazil,Argentina
648,Morocco,Argentina,Argentina
649,France,Brazil,France
650,Spain,Switzerland,Spain
651,Spain,Argentina,Argentina
652,France,Portugal,France
653,Belgium,Argentina,Belgium
654,Spain,Argentina,Argentina
655,Netherlands,England,England
656,France,Argentina,Argentina
657,France,Argentina,Argentina
658,Brazil,Argentina,Brazil
659,Croatia,Argentina,Argentina
660,Brazil,France,France
661,France,Morocco,France
662,France,Argentina,Argentina
663,Spain,Portugal,Spain
664,Spain,Argentina,Spain
665,France,Uruguay,France
666,England,Argentina,Argentina
667,France,England,England
668,France,Argentina,Argentina
669,England,Brazil,Brazil
670,France,Argentina,France
671,France,Morocco,Morocco
672,Spain,Argentina,Spain
673,Spain,England,England
674,Spain,Argentina,Argentina
675,France,Brazil,France
676,Netherlands,Argentina,Argentina
677,France,Brazil,France
678,France,Morocco,France
679,Argentina,Portugal,Argentina
680,France,Argentina,Argentina
681,France,Argentina,Argentina
682,Netherlands,Mexico,Netherlands
683,France,England,France
684,Germany,Argentina,Argentina
685,France,Brazil,Brazil
686,France,Argentina,France
687,Spain,Argentina,Argentina
688,Spain,Portugal,Portugal
689,France,Argentina,France
690,Spain,Uruguay,Spain
691,Germany,Portugal,Germany
692,Netherlands,Argentina,Argentina
693,France,Argentina,France
694,France,Argentina,France
695,Belgium,England,England
696,France,Argentina,Argentina
697,Spain,Argentina,Argentina
698,France,Brazil,France
699,France,England,France
700,France,Argentina,Argentina
701,France,Argentina,Argentina
702,Morocco,England,England
703,United States,England,United States
704,France,Argentina,France
705,France,Argentina,Argentina
706,France,Argentina,Argentina
707,France,Brazil,Brazil
708,Spain,Netherlands,Spain
709,France,Argentina,Argentina
710,France,Argentina,France
711,France,Argentina,France
712,France,England,England
713,France,Argentina,Argentina
714,Spain,Argentina,Argentina
715,France,England,France
716,Croatia,Brazil,Brazil
717,France,Croatia,France
718,France,Portugal,Portugal
719,France,Brazil,France
720,France,Brazil,France
721,France,Argentina,France
722,Belgium,England,Belgium
723,Croatia,Argentina,Argentina
724,France,Morocco,France
725,France,Argentina,France
726,Spain,Argentina,Argentina
727,France,Argentina,Argentina
728,England,Argentina,Argentina
729,Croatia,Argentina,Argentina
730,Spain,Argentina,Argentina
731,France,Argentina,France
732,France,Argentina,Argentina
733,Spain,Croatia,Croatia
734,France,Argentina,France
735,France,England,France
736,France,Argentina,France
737,Spain,Argentina,Argentina
738,Morocco,Argentina,Morocco
739,Belgium,Spain,Belgium
740,France,Argentina,France
741,Netherlands,Argentina,Argentina
742,France,Argentina,France
743,France,Argentina,Argentina
744,France,Argentina,France
745,Belgium,Netherlands,Belgium
746,France,Argentina,Argentina
747,France,England,France
748,Spain,Argentina,Spain
749,France,Brazil,Brazil
750,France,Argentina,Argentina
751,France,Argentina,France
752,France,Argentina,Argentina
753,France,Argentina,France
754,France,Croatia,Croatia
755,France,England,France
756,France,Argentina,France
757,Spain,Brazil,Brazil
758,France,Argentina,Argentina
759,Spain,Argentina,Spain
760,France,Argentina,Argentina
761,France,Argentina,France
762,France,Argentina,Argentina
763,France,Argentina,Argentina
764,France,Morocco,France
765,France,Argentina,Argentina
766,France,England,France
767,France,Argentina,France
768,France,Argentina,France
769,Spain,Argentina,Argentina
770,France,Mexico,France
771,England,Argentina,Argentina
772,France,Argentina,France
773,Spain,Uruguay,Spain
774,Croatia,England,Croatia
775,Morocco,Argentina,Morocco
776,Spain,Argentina,Argentina
777,Belgium,Netherlands,Netherlands
778,France,Argentina,France
779,France,Brazil,France
780,Belgium,Brazil,Brazil
781,France,Argentina,Argentina
782,Netherlands,Morocco,Morocco
783,France,Brazil,France
784,France,Brazil,France
785,Croatia,Argentina,Argentina
786,France,Argentina,France
787,Belgium,Portugal,Belgium
788,Spain,Argentina,Spain
789,Spain,Brazil,Spain
790,France,Croatia,France
791,Belgium,Spain,Spain
792,Spain,Argentina,Argentina
793,Belgium,England,England
794,France,England,England
795,Spain,England,England
796,Belgium,Argentina,Argentina
797,Belgium,Argentina,Argentina
798,France,Argentina,France
799,England,Uruguay,England
800,France,Argentina,Argentina
801,Belgium,Croatia,Croatia
802,Germany,Brazil,Germany
803,France,Brazil,France
804,France,Argentina,Argentina
805,France,Argentina,France
806,Spain,Argentina,Argentina
807,Spain,Argentina,Spain
808,France,Argentina,France
809,France,Argentina,France
810,France,England,France
811,France,Turkey,France
812,Netherlands,Argentina,Argentina
813,Spain,Argentina,Argentina
814,Morocco,Croatia,Morocco
815,France,Argentina,Argentina
816,France,Brazil,Brazil
817,Germany,Argentina,Argentina
818,Netherlands,Croatia,Netherlands
819,France,Brazil,France
820,France,Germany,France
821,France,Argentina,Argentina
822,Spain,Argentina,Spain
823,Spain,Argentina,Argentina
824,France,Argentina,France
825,Spain,Morocco,Spain
826,Spain,Morocco,Spain
827,France,Argentina,France
828,France,Argentina,France
829,France,Argentina,France
830,Brazil,Belgium,Belgium
831,France,Argentina,France
832,Spain,Portugal,Spain
833,Croatia,England,Croatia
834,France,Argentina,Argentina
835,France,Brazil,France
836,Germany,Argentina,Argentina
837,France,Brazil,France
838,Spain,Argentina,Spain
839,France,Portugal,France
840,Brazil,Croatia,Croatia
841,Spain,Argentina,Spain
842,Uruguay,Argentina,Argentina
843,France,Argentina,Argentina
844,France,Argentina,Argentina
845,Spain,Argentina,Argentina
846,Belgium,Argentina,Argentina
847,England,Spain,Spain
848,France,Argentina,France
849,Spain,Argentina,Argentina
850,France,Brazil,France
851,United States,Portugal,Portugal
852,France,Argentina,Argentina
853,France,England,France
854,France,Spain,France
855,Netherlands,Argentina,Argentina
856,France,Portugal,France
857,France,Argentina,France
858,Spain,Argentina,Argentina
859,Spain,Argentina,Spain
860,France,Argentina,Argentina
861,France,Morocco,France
862,Morocco,Belgium,Belgium
863,France,Spain,France
864,Portugal,Argentina,Argentina
865,France,England,France
866,France,Argentina,Argentina
867,Uruguay,Portugal,Portugal
868,France,Argentina,Argentina
869,Spain,Morocco,Spain
870,England,Germany,England
871,France,Argentina,Argentina
872,Netherlands,Brazil,Brazil
873,Spain,Portugal,Spain
874,France,Argentina,Argentina
875,France,England,France
876,France,Portugal,France
877,France,Argentina,Argentina
878,Spain,Argentina,Argentina
879,Spain,England,Spain
880,Spain,Argentina,Argentina
881,Spain,Brazil,Spain
882,Spain,Brazil,Spain
883,France,Argentina,Argentina
884,France,Argentina,France
885,France,Argentina,Argentina
886,France,Argentina,France
887,Croatia,Argentina,Argentina
888,France,Argentina,France
889,France,Brazil,Brazil
890,France,Netherlands,France
891,France,England,France
892,Spain,Argentina,Argentina
893,France,United States,France
894,Germany,Croatia,Croatia
895,England,Morocco,Morocco
896,Spain,Argentina,Argentina
897,France,England,England
898,Belgium,Argentina,Argentina
899,France,Argentina,Argentina
900,Morocco,Argentina,Morocco
901,France,Argentina,France
902,Spain,Portugal,Spain
903,France,Argentina,Argentina
904,France,Netherlands,France
905,France,Argentina,France
906,Netherlands,Brazil,Brazil
907,Spain,Argentina,Argentina
908,Spain,Argentina,Argentina
909,Netherlands,Argentina,Argentina
910,Spain,England,England
911,Spain,Argentina,Argentina
912,France,Argentina,Argentina
913,Brazil,Switzerland,Switzerland
914,Spain,England,Spain
915,Spain,Brazil,Spain
916,Spain,England,Spain
917,France,Brazil,France
918,France,Argentina,Argentina
919,Brazil,England,England
920,France,Argentina,France
921,France,Argentina,Argentina
922,England,Croatia,England
923,France,Spain,Spain
924,Spain,Brazil,Spain
925,France,Argentina,Argentina
926,France,Argentina,Argentina
927,France,Spain,Spain
928,Brazil,Argentina,Brazil
929,Netherlands,Argentina,Argentina
930,France,Argentina,France
931,Belgium,Brazil,Brazil
932,France,Switzerland,France
933,Germany,Argentina,Argentina
934,France,Argentina,France
935,Morocco,England,England
936,Belgium,France,France
937,France,Argentina,Argentina
938,France,Argentina,Argentina
939,France,Brazil,Brazil
940,Belgium,Portugal,Belgium
941,France,Spain,France
942,France,Argentina,Argentina
943,France,Spain,Spain
944,Spain,Croatia,Spain
945,Spain,Argentina,Argentina
946,Spain,Brazil,Spain
947,Spain,England,Spain
948,France,Argentina,Argentina
949,France,Spain,Spain
950,France,Argentina,France
951,France,Switzerland,Switzerland
952,France,England,France
953,France,Argentina,Argentina
954,France,Argentina,France
955,France,Argentina,France
956,France,Brazil,France
957,France,Portugal,France
958,Spain,England,England
959,France,England,France
960,France,Argentina,Argentina
961,Belgium,Argentina,Argentina
962,France,Argentina,France
963,France,Croatia,France
964,Spain,Portugal,Spain
965,France,Argentina,France
966,France,Argentina,France
967,Spain,Argentina,Argentina
968,France,England,England
969,Spain,Brazil,Brazil
970,France,Argentina,France
971,Belgium,Argentina,Argentina
972,France,Argentina,France
973,Spain,Argentina,Spain
974,France,England,France
975,England,Brazil,Brazil
976,France,England,France
977,Netherlands,Brazil,Netherlands
978,France,Argentina,Argentina
979,Belgium,Brazil,Brazil
980,France,Morocco,France
981,Croatia,England,England
982,France,Argentina,France
983,Croatia,Morocco,Croatia
984,Spain,England,Spain
985,France,Argentina,France
986,Netherlands,Argentina,Argentina
987,Spain,Portugal,Spain
988,Brazil,Argentina,Argentina
989,France,Argentina,France
990,Spain,Argentina,Spain
991,France,Portugal,Portugal
992,France,Brazil,France
993,France,Croatia,France
994,France,Argentina,Argentina
995,Brazil,England,Brazil
996,France,Argentina,Argentina
997,France,Portugal,France
998,Brazil,Argentina,Brazil
999,France,Argentina,Argentina
1000,United States,Mexico,Mexico
1001,Spain,England,Spain
1002,Spain,Morocco,Spain
1003,France,Uruguay,France
1004,Belgium,Brazil,Belgium
1005,France,Argentina,France
1006,Portugal,Brazil,Brazil
1007,Spain,Portugal,Spain
1008,France,Argentina,Argentina
1009,France,Argentina,Argentina
1010,France,Argentina,France
1011,France,Argentina,Argentina
1012,France,Argentina,France
1013,France,Morocco,France
1014,France,Portugal,France
1015,Brazil,Argentina,Argentina
1016,Spain,Argentina,Spain
1017,France,England,France
1018,Spain,Argentina,Spain
1019,France,Argentina,France
1020,Netherlands,France,France
1021,France,Morocco,France
1022,Netherlands,Argentina,Netherlands
1023,France,Argentina,Argentina
1024,Spain,Argentina,Argentina
1025,France,Brazil,France
1026,Germany,Argentina,Argentina
1027,Spain,Argentina,Spain
1028,France,England,France
1029,France,Argentina,Argentina
1030,Spain,Argentina,Argentina
1031,Spain,Argentina,Argentina
1032,France,England,France
1033,Spain,Argentina,Spain
1034,Spain,Brazil,Brazil
1035,France,Argentina,France
1036,Brazil,Portugal,Brazil
1037,France,Argentina,Argentina
1038,Portugal,Argentina,Argentina
1039,France,Argentina,Argentina
1040,France,Portugal,France
1041,France,England,France
1042,France,Argentina,France
1043,France,Argentina,France
1044,France,Argentina,Argentina
1045,France,Argentina,Argentina
1046,Belgium,Argentina,Argentina
1047,Spain,Argentina,Spain
1048,France,England,France
1049,Morocco,France,France
1050,Belgium,Argentina,Argentina
1051,France,Argentina,Argentina
1052,England,Argentina,Argentina
1053,France,Argentina,Argentina
1054,Belgium,Argentina,Argentina
1055,France,Argentina,France
1056,Spain,England,Spain
1057,France,England,France
1058,Croatia,Portugal,Portugal
1059,Spain,Argentina,Spain
1060,France,Argentina,Argentina
1061,Spain,Argentina,Spain
1062,France,Argentina,France
1063,France,Argentina,France
1064,France,Portugal,France
1065,France,Argentina,Argentina
1066,England,Croatia,Croatia
1067,France,Brazil,France
1068,Spain,Argentina,Argentina
1069,France,Brazil,France
1070,Spain,England,Spain
1071,Spain,Argentina,Argentina
1072,France,Spain,France
1073,France,England,France
1074,Spain,Argentina,Argentina
1075,France,Argentina,Argentina
1076,France,Portugal,France
1077,Morocco,Argentina,Argentina
1078,France,England,England
1079,Argentina,England,England
1080,Spain,Argentina,Argentina
1081,France,Argentina,Argentina
1082,Brazil,Portugal,Portugal
1083,France,Argentina,France
1084,France,England,England
1085,France,England,England
1086,France,England,France
1087,Spain,Argentina,Argentina
1088,Croatia,Argentina,Argentina
1089,France,England,France
1090,Spain,Croatia,Spain
1091,France,Japan,France
1092,Spain,England,England
1093,England,Argentina,Argentina
1094,France,Argentina,France
1095,France,Belgium,Belgium
1096,Germany,France,France
1097,France,Brazil,Brazil
1098,Brazil,Argentina,Argentina
1099,Spain,Brazil,Brazil
1100,Spain,Argentina,Spain
1101,Spain,Argentina,Spain
1102,France,Croatia,Croatia
1103,Spain,France,France
1104,France,Brazil,France
1105,France,Brazil,France
1106,Spain,Brazil,Brazil
1107,France,England,England
1108,Netherlands,Argentina,Argentina
1109,France,England,France
1110,Spain,Argentina,Argentina
1111,Spain,Argentina,Spain
1112,France,Argentina,Argentina
1113,England,Argentina,Argentina
1114,France,Argentina,France
1115,Spain,England,Spain
1116,Belgium,Argentina,Belgium
1117,France,Switzerland,France
1118,France,Brazil,France
1119,Argentina,Brazil,Brazil
1120,France,Brazil,France
1121,France,Argentina,France
1122,France,Argentina,France
1123,Spain,Brazil,Spain
1124,France,Netherlands,France
1125,France,Brazil,France
1126,Spain,Morocco,Spain
1127,Spain,England,Spain
1128,Netherlands,Spain,Spain
1129,France,Argentina,Argentina
1130,Germany,Argentina,Germany
1131,England,Brazil,England
1132,France,Argentina,France
1133,Spain,England,Spain
1134,France,Argentina,France
1135,Spain,Argentina,Spain
1136,France,Argentina,France
1137,France,Argentina,France
1138,France,England,England
1139,Spain,Portugal,Spain
1140,France,Argentina,France
1141,Spain,Argentina,Argentina
1142,France,Argentina,Argentina
1143,France,Argentina,France
1144,France,Switzerland,France
1145,France,Argentina,Argentina
1146,Spain,Portugal,Portugal
1147,France,Argentina,Argentina
1148,Belgium,Argentina,Argentina
1149,France,Argentina,France
1150,Spain,Argentina,Argentina
1151,France,England,France
1152,France,Brazil,France
1153,France,Argentina,Argentina
1154,France,England,France
1155,England,Portugal,Portugal
1156,Spain,Argentina,Spain
1157,France,Argentina,Argentina
1158,France,Argentina,Argentina
1159,France,Argentina,France
1160,Spain,Argentina,Argentina
1161,France,Argentina,Argentina
1162,Argentina,England,Argentina
1163,France,Croatia,France
1164,France,Argentina,Argentina
1165,Netherlands,Argentina,Argentina
1166,France,Spain,France
1167,Spain,Argentina,Argentina
1168,France,Croatia,France
1169,Belgium,Argentina,Argentina
1170,France,Argentina,France
1171,France,Morocco,Morocco
1172,England,Croatia,Croatia
1173,France,England,France
1174,France,Argentina,France
1175,France,Argentina,France
1176,Spain,Portugal,Portugal
1177,Belgium,Netherlands,Belgium
1178,France,Argentina,France
1179,Morocco,Argentina,Argentina
1180,Spain,Croatia,Croatia
1181,France,England,France
1182,France,Argentina,Argentina
1183,Spain,Argentina,Argentina
1184,France,Brazil,France
1185,France,Argentina,Argentina
1186,England,Morocco,Morocco
1187,France,Argentina,France
1188,France,Portugal,France
1189,Spain,Argentina,Argentina
1190,Spain,Argentina,Argentina
1191,France,Argentina,France
1192,Spain,Argentina,Spain
1193,France,England,France
1194,France,Argentina,France
1195,France,Argentina,Argentina
1196,France,Argentina,France
1197,France,Argentina,Argentina
1198,France,England,France
1199,France,Argentina,Argentina
1200,Netherlands,Argentina,Argentina
1201,France,England,England
1202,Colombia,Argentina,Argentina
1203,France,England,France
1204,Spain,Argentina,Spain
1205,France,Argentina,France
1206,Spain,France,Spain
1207,France,Argentina,Argentina
1208,Spain,Argentina,Argentina
1209,France,Argentina,Argentina
1210,France,Argentina,France
1211,France,Mexico,France
1212,France,Portugal,Portugal
1213,France,Morocco,France
1214,Spain,Argentina,Argentina
1215,France,England,France
1216,Spain,Argentina,Spain
1217,Spain,Argentina,Argentina
1218,Brazil,Argentina,Argentina
1219,France,Brazil,France
1220,France,Argentina,Argentina
1221,Spain,England,Spain
1222,France,Portugal,France
1223,Belgium,England,England
1224,France,Argentina,France
1225,Spain,Argentina,Argentina
1226,France,Argentina,Argentina
1227,Spain,Argentina,Argentina
1228,France,Argentina,France
1229,France,Argentina,France
1230,Belgium,Portugal,Portugal
1231,France,Argentina,France
1232,Spain,Argentina,Argentina
1233,France,England,England
1234,France,Argentina,France
1235,France,Argentina,Argentina
1236,France,Portugal,France
1237,France,Argentina,France
1238,United States,England,England
1239,France,Argentina,France
1240,France,Switzerland,France
1241,France,Argentina,France
1242,France,Argentina,France
1243,France,Argentina,France
1244,France,Argentina,France
1245,Morocco,Argentina,Argentina
1246,France,England,France
1247,Morocco,Argentina,Morocco
1248,Netherlands,Morocco,Morocco
1249,France,Croatia,Croatia
1250,Spain,Iran,Spain
1251,France,Argentina,Argentina
1252,Netherlands,Argentina,Netherlands
1253,France,Argentina,Argentina
1254,Spain,Portugal,Spain
1255,France,Argentina,Argentina
1256,Spain,Argentina,Spain
1257,France,Argentina,France
1258,France,Argentina,Argentina
1259,Spain,Argentina,Spain
1260,France,Argentina,France
1261,Spain,England,England
1262,France,England,England
1263,Spain,England,Spain
1264,Spain,Argentina,Argentina
1265,France,Croatia,France
1266,France,Argentina,Argentina
1267,France,Argentina,Argentina
1268,France,Netherlands,Netherlands
1269,England,Croatia,Croatia
1270,France,Argentina,France
1271,Uruguay,Argentina,Argentina
1272,Belgium,Argentina,Argentina
1273,Spain,Argentina,Spain
1274,France,Morocco,France
1275,France,England,France
1276,Uruguay,Argentina,Uruguay
1277,France,Argentina,France
1278,France,England,France
1279,France,England,France
1280,France,Croatia,France
1281,Spain,Portugal,Spain
1282,France,Argentina,France
1283,France,Spain,France
1284,France,Argentina,Argentina
1285,France,Portugal,France
1286,France,Argentina,France
1287,France,Argentina,France
1288,France,Argentina,Argentina
1289,France,Brazil,France
1290,Brazil,Argentina,Argentina
1291,France,Argentina,France
1292,France,Brazil,France
1293,France,Argentina,Argentina
1294,Morocco,Argentina,Morocco
1295,Brazil,Morocco,Morocco
1296,France,Argentina,Argentina
1297,France,Argentina,Argentina
1298,Spain,Argentina,Argentina
1299,France,Argentina,Argentina
1300,France,Argentina,France
1301,France,England,France
1302,Spain,Brazil,Spain
1303,Mexico,Argentina,Argentina
1304,France,Argentina,France
1305,France,Argentina,France
1306,Spain,Argentina,Argentina
1307,Belgium,Mexico,Belgium
1308,Spain,Argentina,Argentina
1309,Spain,England,Spain
1310,France,Mexico,France
1311,France,Morocco,Morocco
1312,France,Argentina,Argentina
1313,Belgium,Argentina,Argentina
1314,France,Argentina,Argentina
1315,Spain,Portugal,Spain
1316,France,Morocco,France
1317,Spain,Portugal,Spain
1318,France,Argentina,France
1319,Spain,Argentina,Argentina
1320,France,Argentina,France
1321,France,Argentina,Argentina
1322,France,Argentina,Argentina
1323,France,Spain,France
1324,France,Argentina,France
1325,France,Argentina,France
1326,France,Argentina,France
1327,France,Argentina,France
1328,France,Portugal,France
1329,France,Brazil,France
1330,France,Argentina,France
1331,France,Argentina,Argentina
1332,Spain,Argentina,Argentina
1333,Spain,Argentina,Argentina
1334,Germany,Argentina,Argentina
1335,Spain,Argentina,Argentina
1336,France,Argentina,Argentina
1337,France,England,France
1338,France,England,France
1339,France,Brazil,Brazil
1340,France,England,France
1341,France,England,England
1342,Spain,Portugal,Spain
1343,Brazil,Argentina,Argentina
1344,France,Argentina,France
1345,France,Argentina,Argentina
1346,Netherlands,England,England
1347,Spain,Argentina,Spain
1348,Spain,Argentina,Argentina
1349,Brazil,Argentina,Argentina
1350,France,Argentina,Argentina
1351,France,Argentina,Argentina
1352,France,Argentina,France
1353,France,Argentina,France
1354,Croatia,Brazil,Croatia
1355,Spain,Argentina,Argentina
1356,Morocco,England,England
1357,Morocco,Argentina,Argentina
1358,Spain,Argentina,Argentina
1359,Spain,Brazil,Brazil
1360,France,Argentina,Argentina
1361,France,Argentina,Argentina
1362,Brazil,Morocco,Brazil
1363,Croatia,Portugal,Portugal
1364,France,Argentina,Argentina
1365,England,Argentina,Argentina
1366,France,Argentina,France
1367,Spain,Argentina,Spain
1368,France,England,France
1369,Spain,Portugal,Spain
1370,France,Argentina,France
1371,France,Argentina,France
1372,Spain,Portugal,Spain
1373,France,Brazil,Brazil
1374,France,Croatia,France
1375,France,Argentina,France
1376,France,Croatia,France
1377,Spain,Argentina,Spain
1378,Spain,Argentina,Spain
1379,Spain,Argentina,Argentina
1380,France,Argentina,France
1381,France,England,France
1382,France,Brazil,France
1383,Morocco,Argentina,Argentina
1384,England,Argentina,Argentina
1385,France,Portugal,France
1386,France,Argentina,Argentina
1387,France,Argentina,Argentina
1388,Spain,Argentina,Spain
1389,Belgium,Spain,Spain
1390,France,Portugal,Portugal
1391,France,Portugal,France
1392,Morocco,Argentina,Argentina
1393,Germany,Argentina,Argentina
1394,France,Argentina,France
1395,Netherlands,Portugal,Portugal
1396,Spain,France,France
1397,France,Morocco,France
1398,Spain,Argentina,Spain
1399,Spain,Argentina,Argentina
1400,Spain,Argentina,Argentina
1401,France,Argentina,Argentina
1402,Morocco,Argentina,Argentina
1403,France,England,France
1404,France,Argentina,Argentina
1405,Spain,England,Spain
1406,France,Germany,France
1407,England,Croatia,Croatia
1408,France,Argentina,France
1409,France,Argentina,Argentina
1410,France,Argentina,Argentina
1411,France,Argentina,Argentina
1412,Brazil,Argentina,Argentina
1413,Spain,Argentina,Argentina
1414,Argentina,Portugal,Argentina
1415,Germany,Argentina,Germany
1416,Germany,Argentina,Argentina
1417,France,Argentina,Argentina
1418,France,Argentina,Argentina
1419,England,Argentina,Argentina
1420,Spain,France,France
1421,Germany,Spain,Spain
1422,Netherlands,Argentina,Argentina
1423,Netherlands,Brazil,Brazil
1424,France,England,France
1425,France,England,England
1426,France,Brazil,France
1427,France,Argentina,Argentina
1428,France,Argentina,Argentina
1429,Uruguay,Spain,Spain
1430,France,Argentina,France
1431,France,Portugal,France
1432,France,England,France
1433,Spain,England,England
1434,Spain,Argentina,Argentina
1435,France,Argentina,France
1436,Spain,England,Spain
1437,France,Argentina,Argentina
1438,Germany,Brazil,Brazil
1439,France,England,France
1440,Spain,Argentina,Argentina
1441,France,Argentina,Argentina
1442,France,Spain,Spain
1443,England,Argentina,Argentina
1444,Spain,Argentina,Spain
1445,France,Croatia,Croatia
1446,France,Belgium,France
1447,Germany,England,England
1448,France,Uruguay,France
1449,Spain,Argentina,Argentina
1450,France,Argentina,Argentina
1451,France,Argentina,Argentina
1452,Spain,Argentina,Spain
1453,Spain,Argentina,Argentina
1454,Spain,Argentina,Argentina
1455,Brazil,Argentina,Argentina
1456,France,Argentina,France
1457,Spain,England,Spain
1458,France,England,France
1459,France,Argentina,France
1460,France,Argentina,France
1461,France,Argentina,France
1462,France,Spain,France
1463,France,Argentina,France
1464,Spain,Argentina,Argentina
1465,Morocco,Argentina,Argentina
1466,Netherlands,Argentina,Argentina
1467,Spain,Portugal,Spain
1468,Belgium,Argentina,Argentina
1469,England,Argentina,England
1470,France,England,France
1471,France,Argentina,Argentina
1472,Argentina,Brazil,Brazil
1473,Netherlands,Argentina,Argentina
1474,Spain,England,Spain
1475,France,Brazil,Brazil
1476,Morocco,Portugal,Morocco
1477,France,Brazil,Brazil
1478,France,Argentina,Argentina
1479,France,Argentina,France
1480,France,Argentina,France
1481,France,Argentina,France
1482,England,Portugal,England
1483,France,Argentina,Argentina
1484,Brazil,Argentina,Brazil
1485,Spain,Brazil,Brazil
1486,Spain,Argentina,Argentina
1487,Germany,England,England
1488,France,Argentina,Argentina
1489,England,Argentina,England
1490,Spain,Argentina,Spain
1491,Morocco,Argentina,Argentina
1492,Germany,Argentina,Argentina
1493,Spain,Argentina,Argentina
1494,Spain,Argentina,Spain
1495,France,Argentina,Argentina
1496,France,Argentina,France
1497,Germany,Argentina,Argentina
1498,France,Argentina,Argentina
1499,France,England,France
1500,France,Brazil,Brazil
1501,Spain,Argentina,Argentina
1502,France,Brazil,Brazil
1503,Netherlands,Argentina,Argentina
1504,France,Argentina,France
1505,Belgium,Mexico,Mexico
1506,France,England,France
1507,Netherlands,Portugal,Netherlands
1508,Netherlands,Argentina,Netherlands
1509,France,England,France
1510,Spain,Argentina,Argentina
1511,France,Netherlands,France
1512,France,Argentina,Argentina
1513,France,Spain,France
1514,Spain,England,England
1515,Spain,Argentina,Argentina
1516,France,Portugal,France
1517,France,Argentina,Argentina
1518,England,Croatia,England
1519,Spain,Argentina,Spain
1520,France,Argentina,France
1521,France,Brazil,France
1522,Morocco,Argentina,Argentina
1523,England,Argentina,Argentina
1524,France,Argentina,France
1525,Netherlands,Argentina,Argentina
1526,Spain,Portugal,Portugal
1527,France,Argentina,France
1528,France,Argentina,Argentina
1529,Spain,Brazil,Spain
1530,France,Argentina,Argentina
1531,France,England,France
1532,France,Brazil,France
1533,Spain,Brazil,Spain
1534,Netherlands,Brazil,Brazil
1535,Spain,Argentina,Argentina
1536,Belgium,Argentina,Argentina
1537,Belgium,Argentina,Argentina
1538,France,England,France
1539,France,Brazil,France
1540,Spain,Argentina,Argentina
1541,France,Argentina,France
1542,Brazil,Argentina,Argentina
1543,France,Argentina,France
1544,France,Croatia,France
1545,France,England,England
1546,Spain,Argentina,Argentina
1547,France,Argentina,France
1548,France,Argentina,France
1549,France,Argentina,France
1550,Spain,England,England
1551,Spain,Argentina,Argentina
1552,England,Argentina,England
1553,France,Brazil,France
1554,France,Argentina,France
1555,France,Argentina,Argentina
1556,France,Argentina,Argentina
1557,France,Morocco,France
1558,Morocco,Brazil,Brazil
1559,France,Argentina,France
1560,France,England,France
1561,Spain,Argentina,Spain
1562,Brazil,Argentina,Argentina
1563,France,Argentina,Argentina
1564,Germany,England,Germany
1565,France,Argentina,France
1566,Spain,Brazil,Brazil
1567,France,Argentina,France
1568,France,Brazil,Brazil
1569,Morocco,Portugal,Portugal
1570,France,Argentina,Argentina
1571,France,Argentina,France
1572,France,Spain,France
1573,France,Argentina,France
1574,England,Argentina,Argentina
1575,France,Argentina,Argentina
1576,France,Argentina,France
1577,France,Brazil,Brazil
1578,France,Argentina,France
1579,Belgium,Brazil,Brazil
1580,France,Argentina,Argentina
1581,Spain,Argentina,Spain
1582,France,Argentina,Argentina
1583,France,Argentina,France
1584,France,Argentina,Argentina
1585,Spain,England,England
1586,Spain,England,Spain
1587,France,England,France
1588,Netherlands,Argentina,Netherlands
1589,France,Argentina,France
1590,Spain,England,England
1591,France,England,France
1592,Spain,Argentina,Spain
1593,France,Spain,Spain
1594,Belgium,Argentina,Argentina
1595,England,Argentina,England
1596,Netherlands,Argentina,Argentina
1597,France,Portugal,France
1598,Croatia,Netherlands,Croatia
1599,France,Belgium,France
1600,Spain,Brazil,Spain
1601,France,Argentina,Argentina
1602,France,Argentina,France
1603,Belgium,Argentina,Argentina
1604,France,Argentina,France
1605,France,Brazil,Brazil
1606,France,Argentina,France
1607,France,Argentina,France
1608,France,Brazil,France
1609,Spain,France,France
1610,France,Argentina,France
1611,Belgium,France,France
1612,France,Croatia,France
1613,Croatia,England,England
1614,France,Portugal,France
1615,France,Argentina,Argentina
1616,France,Argentina,France
1617,Spain,Portugal,Portugal
1618,France,Brazil,France
1619,Spain,Argentina,Argentina
1620,France,Brazil,France
1621,Spain,Uruguay,Spain
1622,France,Argentina,France
1623,France,Netherlands,France
1624,France,Portugal,France
1625,France,England,France
1626,Croatia,Brazil,Brazil
1627,Brazil,Argentina,Argentina
1628,France,Argentina,Argentina
1629,Portugal,Argentina,Argentina
1630,France,Argentina,France
1631,France,Argentina,Argentina
1632,France,Argentina,Argentina
1633,France,Portugal,France
1634,France,Argentina,France
1635,France,Argentina,Argentina
1636,Belgium,Argentina,Argentina
1637,France,Argentina,Argentina
1638,Spain,Argentina,Spain
1639,Spain,Argentina,Argentina
1640,France,Argentina,France
1641,Germany,Spain,Spain
1642,France,Argentina,Argentina
1643,Spain,Argentina,Argentina
1644,France,Germany,France
1645,France,Argentina,France
1646,France,England,France
1647,France,Brazil,France
1648,England,Uruguay,England
1649,France,Croatia,France
1650,Belgium,Argentina,Belgium
1651,France,England,France
1652,Spain,Argentina,Spain
1653,France,Argentina,Argentina
1654,France,Argentina,France
1655,France,Argentina,Argentina
1656,France,England,France
1657,France,Brazil,France
1658,Belgium,Argentina,Belgium
1659,France,Argentina,France
1660,Brazil,Spain,Brazil
1661,Spain,Argentina,Spain
1662,Brazil,Argentina,Argentina
1663,France,Argentina,France
1664,France,Argentina,Argentina
1665,Brazil,Argentina,Brazil
1666,Spain,England,Spain
1667,France,Uruguay,France
1668,France,Brazil,France
1669,Spain,Argentina,Argentina
1670,France,Portugal,France
1671,Morocco,England,England
1672,Belgium,Brazil,Belgium
1673,France,Argentina,Argentina
1674,France,Spain,France
1675,Spain,Portugal,Spain
1676,Brazil,Argentina,Argentina
1677,Spain,Japan,Spain
1678,France,Argentina,France
1679,Spain,Argentina,Argentina
1680,France,Argentina,France
1681,France,Argentina,France
1682,Spain,Argentina,Argentina
1683,Spain,Brazil,Spain
1684,France,Argentina,Argentina
1685,Spain,Croatia,Spain
1686,Spain,Argentina,Argentina
1687,Spain,Argentina,Argentina
1688,Spain,Brazil,Spain
1689,Portugal,United States,Portugal
1690,Morocco,Argentina,Argentina
1691,France,Argentina,Argentina
1692,France,Portugal,France
1693,France,Argentina,Argentina
1694,France,Argentina,Argentina
1695,France,Argentina,Argentina
1696,Spain,Argentina,Argentina
1697,Spain,Argentina,Argentina
1698,France,Uruguay,France
1699,France,Uruguay,France
1700,France,Argentina,Argentina
1701,France,Portugal,France
1702,Spain,Argentina,Argentina
1703,Brazil,Portugal,Brazil
1704,Spain,Brazil,Brazil
1705,Netherlands,Brazil,Brazil
1706,Spain,Argentina,Argentina
1707,France,Argentina,France
1708,Spain,Argentina,Argentina
1709,France,Brazil,France
1710,France,Argentina,France
1711,Germany,Argentina,Argentina
1712,France,Argentina,Argentina
1713,France,Argentina,France
1714,France,Brazil,France
1715,England,Argentina,Argentina
1716,France,Argentina,France
1717,France,Argentina,Argentina
1718,Belgium,England,England
1719,France,Argentina,France
1720,Spain,Argentina,Spain
1721,France,Argentina,Argentina
1722,France,Argentina,France
1723,Belgium,England,England
1724,France,Argentina,France
1725,France,Argentina,Argentina
1726,France,Argentina,France
1727,France,Argentina,Argentina
1728,Argentina,England,Argentina
1729,Spain,Morocco,Morocco
1730,Spain,Argentina,Spain
1731,France,Brazil,Brazil
1732,France,England,France
1733,Germany,Morocco,Germany
1734,Spain,France,Spain
1735,France,Mexico,France
1736,France,England,France
1737,France,Argentina,France
1738,France,Brazil,France
1739,Spain,Argentina,Spain
1740,France,Morocco,France
1741,France,England,France
1742,France,Argentina,Argentina
1743,France,Argentina,Argentina
1744,France,Argentina,Argentina
1745,France,Argentina,France
1746,Spain,Argentina,Argentina
1747,France,Argentina,Argentina
1748,Spain,Argentina,Spain
1749,Belgium,England,Belgium
1750,France,Argentina,France
1751,France,Argentina,France
1752,France,Brazil,France
1753,France,Argentina,Argentina
1754,France,Argentina,France
1755,France,Argentina,France
1756,France,Argentina,France
1757,France,Brazil,France
1758,Belgium,Argentina,Argentina
1759,France,England,France
1760,Netherlands,Argentina,Netherlands
1761,Spain,Argentina,Argentina
1762,Spain,Argentina,Spain
1763,France,Brazil,France
1764,France,Croatia,France
1765,Spain,Brazil,Spain
1766,Spain,Argentina,Argentina
1767,Belgium,Argentina,Argentina
1768,Spain,Argentina,Argentina
1769,France,Argentina,France
1770,England,Croatia,Croatia
1771,Spain,Argentina,Spain
1772,France,Uruguay,France
1773,Belgium,Portugal,Belgium
1774,Spain,Argentina,Spain
1775,France,Senegal,France
1776,Belgium,Brazil,Brazil
1777,France,Argentina,France
1778,Spain,Brazil,Spain
1779,France,Argentina,Argentina
1780,France,Morocco,France
1781,Germany,Argentina,Argentina
1782,Croatia,Argentina,Argentina
1783,France,Argentina,France
1784,Spain,Brazil,Brazil
1785,France,Argentina,France
1786,Spain,Argentina,Spain
1787,France,Brazil,France
1788,Croatia,England,England
1789,England,Argentina,Argentina
1790,Spain,Argentina,Argentina
1791,France,Argentina,France
1792,Spain,Argentina,Spain
1793,France,Portugal,France
1794,France,Argentina,Argentina
1795,France,Spain,France
1796,Spain,Argentina,Argentina
1797,Germany,Argentina,Argentina
1798,France,Argentina,Argentina
1799,Spain,Argentina,Argentina
1800,Spain,Portugal,Spain
1801,Spain,Argentina,Spain
1802,Spain,England,Spain
1803,France,Argentina,France
1804,France,Argentina,Argentina
1805,France,England,France
1806,France,Brazil,France
1807,France,England,England
1808,Spain,Morocco,Spain
1809,France,Germany,France
1810,France,Argentina,France
1811,Argentina,Portugal,Argentina
1812,Belgium,England,Belgium
1813,Netherlands,Argentina,Argentina
1814,France,Argentina,Argentina
1815,Netherlands,Brazil,Netherlands
1816,Spain,Argentina,Argentina
1817,Brazil,Argentina,Argentina
1818,France,Spain,Spain
1819,Spain,France,France
1820,Spain,Portugal,Spain
1821,France,Argentina,Argentina
1822,France,Argentina,Argentina
1823,France,Spain,France
1824,France,Argentina,Argentina
1825,France,Portugal,France
1826,Spain,Argentina,Argentina
1827,Brazil,Argentina,Argentina
1828,France,England,France
1829,France,Brazil,France
1830,Belgium,Brazil,Belgium
1831,France,England,France
1832,France,Argentina,France
1833,France,England,England
1834,France,Argentina,Argentina
1835,France,Argentina,Argentina
1836,Spain,England,England
1837,Germany,Spain,Spain
1838,Portugal,Argentina,Argentina
1839,France,Brazil,France
1840,Brazil,Argentina,Argentina
1841,France,Spain,France
1842,France,Brazil,France
1843,France,Argentina,Argentina
1844,Spain,Argentina,Spain
1845,Spain,Argentina,Spain
1846,Spain,Argentina,Argentina
1847,Netherlands,Argentina,Argentina
1848,France,Argentina,France
1849,Spain,Argentina,Argentina
1850,Brazil,Argentina,Argentina
1851,Germany,Morocco,Germany
1852,France,Spain,France
1853,France,Argentina,Argentina
1854,Spain,Morocco,Spain
1855,Spain,Portugal,Portugal
1856,France,Argentina,Argentina
1857,Spain,Argentina,Argentina
1858,Spain,Brazil,Spain
1859,France,Argentina,Argentina
1860,France,Argentina,Argentina
1861,Belgium,Argentina,Argentina
1862,Morocco,Argentina,Argentina
1863,Spain,England,England
1864,France,Argentina,France
1865,Spain,Argentina,Argentina
1866,France,Argentina,Argentina
1867,France,Argentina,Argentina
1868,France,Argentina,France
1869,Netherlands,Spain,Netherlands
1870,France,Uruguay,France
1871,Spain,Argentina,Argentina
1872,France,Brazil,France
1873,England,Croatia,England
1874,Spain,Argentina,Argentina
1875,France,Argentina,Argentina
1876,Spain,Argentina,Argentina
1877,France,Argentina,Argentina
1878,Brazil,England,Brazil
1879,Spain,Argentina,Argentina
1880,France,Argentina,France
1881,Argentina,Portugal,Argentina
1882,France,Mexico,France
1883,France,Argentina,France
1884,France,Argentina,Argentina
1885,Spain,Argentina,Argentina
1886,Spain,Argentina,Argentina
1887,Spain,Brazil,Brazil
1888,France,Argentina,Argentina
1889,Spain,Argentina,Argentina
1890,Spain,Argentina,Argentina
1891,Germany,Spain,Spain
1892,France,Argentina,France
1893,France,Argentina,France
1894,France,Argentina,Argentina
1895,France,Argentina,France
1896,Spain,Brazil,Brazil
1897,France,Spain,France
1898,France,Argentina,Argentina
1899,Netherlands,Morocco,Netherlands
1900,Spain,Argentina,Argentina
1901,France,Portugal,France
1902,France,Portugal,France
1903,France,Argentina,France
1904,France,England,England
1905,Netherlands,Argentina,Argentina
1906,Spain,Croatia,Spain
1907,Spain,Brazil,Spain
1908,France,Argentina,France
1909,France,Brazil,France
1910,France,Argentina,Argentina
1911,France,Croatia,France
1912,Netherlands,Argentina,Netherlands
1913,France,Argentina,Argentina
1914,France,Argentina,France
1915,Belgium,England,Belgium
1916,Netherlands,Portugal,Portugal
1917,France,Argentina,Argentina
1918,Spain,Argentina,Argentina
1919,Brazil,Spain,Spain
1920,Spain,Argentina,Spain
1921,France,Croatia,France
1922,Netherlands,Argentina,Argentina
1923,Spain,Argentina,Argentina
1924,Spain,Argentina,Argentina
1925,Morocco,Argentina,Morocco
1926,England,Argentina,Argentina
1927,France,Argentina,France
1928,France,Argentina,Argentina
1929,France,Argentina,Argentina
1930,France,Brazil,Brazil
1931,France,Brazil,France
1932,Brazil,Argentina,Argentina
1933,Morocco,Spain,Morocco
1934,Argentina,Portugal,Argentina
1935,Spain,Argentina,Spain
1936,Morocco,England,England
1937,Spain,Argentina,Spain
1938,France,Argentina,Argentina
1939,France,Argentina,Argentina
1940,Spain,Argentina,Argentina
1941,France,Argentina,Argentina
1942,Uruguay,Argentina,Argentina
1943,France,Argentina,France
1944,Germany,Argentina,Argentina
1945,France,Argentina,Argentina
1946,Spain,Argentina,Argentina
1947,Spain,Mexico,Mexico
1948,France,England,England
1949,France,Argentina,Argentina
1950,France,Argentina,France
1951,France,Argentina,Argentina
1952,Croatia,Brazil,Croatia
1953,France,England,France
1954,France,Belgium,France
1955,France,Portugal,France
1956,France,Argentina,Argentina
1957,Spain,Argentina,Spain
1958,Argentina,Brazil,Argentina
1959,France,Brazil,France
1960,Spain,Argentina,Argentina
1961,Spain,Morocco,Spain
1962,France,England,France
1963,Spain,Argentina,Argentina
1964,Spain,Netherlands,Spain
1965,France,Argentina,France
1966,England,Argentina,Argentina
1967,Netherlands,Spain,Spain
1968,France,Portugal,France
1969,France,Portugal,France
1970,Belgium,Portugal,Belgium
1971,France,Argentina,France
1972,Spain,Brazil,Brazil
1973,Argentina,Germany,Germany
1974,Belgium,Argentina,Belgium
1975,France,England,France
1976,France,Argentina,France
1977,France,England,France
1978,England,Argentina,Argentina
1979,Spain,Argentina,Argentina
1980,Spain,Uruguay,Spain
1981,Netherlands,Argentina,Argentina
1982,Brazil,Argentina,Argentina
1983,Belgium,France,France
1984,France,Portugal,France
1985,France,Argentina,Argentina
1986,Spain,Argentina,Spain
1987,Spain,Argentina,Argentina
1988,Belgium,Argentina,Argentina
1989,Spain,Argentina,Argentina
1990,Spain,England,England
1991,Spain,England,Spain
1992,France,England,France
1993,Croatia,Argentina,Argentina
1994,Morocco,Argentina,Argentina
1995,France,England,France
1996,Netherlands,England,England
1997,Spain,Brazil,Spain
1998,Spain,Argentina,Argentina
1999,France,Argentina,France
